first_name,last_name,email,date_of_birth,mobile_no,above_18,member_id
Sophia,Randolph,Sophia_Randolph@leonard-ramirez.com,19500807,94510479,True,Randolph_76c7a
Dr. Samuel,Thompson,Samuel_Thompson@sanchez-carroll.com,19840304,99063183,True,Thompson_8382b
Kara,Pittman,Kara_Pittman@gomez-vaughn.com,19680525,80502567,True,Pittman_44c4d
Gabriella,Anthony,Gabriella_Anthony@castro.com,19970106,89108943,True,Anthony_ebd30
Dennis,Sanford,Dennis_Sanford@lopez-archer.com,19800806,88084407,True,Sanford_c7e24
Phillip,Meyers,Phillip_Meyers@mcneil-williams.com,19601022,95409119,True,Meyers_2871d
Susan,Williams,Susan_Williams@rowland.com,19761205,95688383,True,Williams_3b0d4
Brett,Willis,Brett_Willis@gibbs.com,19610908,86342007,True,Willis_d0046
Kristin,Wilkins,Kristin_Wilkins@harvey.com,20020511,84393855,True,Wilkins_48a0a
Timothy,Martin,Timothy_Martin@camacho-sparks.net,20030501,92008191,True,Martin_6cf84
Roger,Frost,Roger_Frost@cole-robinson.com,19700217,94120431,True,Frost_5ba4a
Bianca,Martin,Bianca_Martin@mitchell.com,19780205,86924127,True,Martin_7bf56
Melanie,Wiggins,Melanie_Wiggins@mcdonald-rice.com,20000214,91699615,True,Wiggins_c46e0
James,Phillips,James_Phillips@green-taylor.com,19611019,89808183,True,Phillips_c68d2
Anne,Richards,Anne_Richards@mccarthy.com,19690609,84963423,True,Richards_e1b0f
Monica,Oconnor,Monica_Oconnor@gordon.com,19800107,97887295,True,Oconnor_5d9be
Andrew,Matthews,Andrew_Matthews@ramos-vaughn.com,19880219,90821359,True,Matthews_33105
Danielle,Hunter,Danielle_Hunter@ballard.com,19710811,99947039,True,Hunter_c76d0
Mary,Odom,Mary_Odom@morgan-reynolds.com,19630813,98738367,True,Odom_e8796
Alan,Peterson,Alan_Peterson@burch.com,19760129,88993663,True,Peterson_9e709
Jacob,Grant,Jacob_Grant@cummings.com,19911204,94196575,True,Grant_46694
Kathryn,Cardenas,Kathryn_Cardenas@skinner.com,19830508,81016239,True,Cardenas_35ae4
Jeffrey,Santiago,Jeffrey_Santiago@duncan.com,19750228,93827623,True,Santiago_5cbec
Mr. Bryan,Porter,Bryan_Porter@elliott.com,19570214,88089671,True,Porter_e9e42
Paul,Romero,Paul_Romero@middleton-jones.com,19601007,98843943,True,Romero_7ffde
Mitchell,Pierce,Mitchell_Pierce@houston-conway.net,20010824,96845551,True,Pierce_7e42c
Alejandra,Martinez,Alejandra_Martinez@jones.com,19791221,87381327,True,Martinez_d6f6b
Brooke,Hernandez,Brooke_Hernandez@benitez.com,19911114,97309975,True,Hernandez_bcb5b
Jeffrey,Poole,Jeffrey_Poole@cross.com,19570204,82077439,True,Poole_23f28
Sheena,Ward,Sheena_Ward@wilson-mcbride.com,19730926,96834175,True,Ward_57d0c
Miss,Molly Miller,Molly_Miller@king-kelly.net,19770511,99947663,True,Molly Miller_d8bf5
Nancy,Lucas,Nancy_Lucas@aguilar.com,19830607,91477863,True,Lucas_b2c40
Christina,Miller,Christina_Miller@marshall-lucas.com,19530425,92153503,True,Miller_84bb3
Maria,Miller,Maria_Miller@roberts.com,19941221,86317751,True,Miller_208dd
Cindy,Blackburn,Cindy_Blackburn@bolton.net,20001008,86098071,True,Blackburn_0c5fb
Matthew,Jacobson,Matthew_Jacobson@bishop-thomas.com,19510412,99110191,True,Jacobson_496c2
Roger,Maddox,Roger_Maddox@richards.com,19810426,86988519,True,Maddox_6974f
Bryan,Gutierrez,Bryan_Gutierrez@short-huerta.net,19881118,84795039,True,Gutierrez_c61e8
Michael,Chang,Michael_Chang@watkins.com,19900209,99632783,True,Chang_e27c8
Adam,Jones,Adam_Jones@kline-reeves.com,19570107,83246639,True,Jones_2b07e
Jack,Jensen,Jack_Jensen@kent-williamson.net,19601229,93571087,True,Jensen_676e2
Susan,Donovan,Susan_Donovan@jordan-anderson.com,19690130,85222335,True,Donovan_6c619
Alexander,Lowe,Alexander_Lowe@morris.com,19610508,93074023,True,Lowe_73be1
Dr. Paul,Jones,Paul_Jones@clark-irwin.com,19940215,91301999,True,Jones_f903f
Danielle,Tran,Danielle_Tran@mann.com,19880826,85246679,True,Tran_40aaa
Erika,Stewart,Erika_Stewart@solis.com,19851226,83552695,True,Stewart_40f40
Tanya,Barajas,Tanya_Barajas@davis.com,19740430,92793871,True,Barajas_c09f8
Kimberly,Thompson,Kimberly_Thompson@brewer-walters.net,20001211,88531623,True,Thompson_77cc8
Nathan,Flores,Nathan_Flores@gibbs.net,19790409,86883135,True,Flores_a43fb
Destiny,Lutz,Destiny_Lutz@thompson-wright.com,19940412,87853607,True,Lutz_3427f
Brandy,Allen,Brandy_Allen@hardy-griffin.com,19810113,92130799,True,Allen_54dd1
Stephanie,Decker,Stephanie_Decker@barrett.net,19770905,92626639,True,Decker_0c2ca
Sue,Lee,Sue_Lee@rojas.com,19860829,97367575,True,Lee_f9df7
Heather,Herman,Heather_Herman@williams-lindsey.com,19710606,97877423,True,Herman_0ab62
Beth,Martinez,Beth_Martinez@johnson.com,19681225,87909191,True,Martinez_204f4
Robert,Stephens,Robert_Stephens@lopez.com,20000619,92784815,True,Stephens_5a6e3
Joshua,King,Joshua_King@hale.net,20000106,99342223,True,King_89592
Crystal,Blake,Crystal_Blake@parker.com,19701117,97878511,True,Blake_e7660
Amanda,Evans,Amanda_Evans@cox.com,19590224,92559519,True,Evans_62a52
Logan,Watkins,Logan_Watkins@hernandez.com,20000511,87081215,True,Watkins_c9964
Jennifer,Martin,Jennifer_Martin@moore.com,19830527,83212175,True,Martin_82381
Jacqueline,Conway,Jacqueline_Conway@robinson-carson.com,19710617,91842383,True,Conway_ae427
Allison,Obrien,Allison_Obrien@bailey-sanders.com,19620423,81154631,True,Obrien_00e34
Janet,Collins,Janet_Collins@farrell.com,19840721,89424095,True,Collins_120bd
Robert,Ortiz,Robert_Ortiz@saunders-hunter.com,19761108,80296223,True,Ortiz_66abd
Debbie,Burns,Debbie_Burns@salinas.com,19830806,95570935,True,Burns_f2b3a
Gabriel,Preston,Gabriel_Preston@black.com,19961120,88336263,True,Preston_b6298
Brittany,Hill,Brittany_Hill@rogers-hoffman.com,19870605,90817791,True,Hill_2c87a
Carrie,Martinez,Carrie_Martinez@hendrix.com,19740124,96107743,True,Martinez_a7c33
Linda,White,Linda_White@moore.com,19751015,84876711,True,White_e9960
Angela,Morris,Angela_Morris@murray.com,19760702,89409391,True,Morris_9ba0c
Jessica,Smith,Jessica_Smith@walsh-steele.com,19510531,97984639,True,Smith_69b70
Lori,Pacheco,Lori_Pacheco@ayala.com,19620630,94662495,True,Pacheco_7ccf5
Emily,Case,Emily_Case@lewis.com,19850508,90216215,True,Case_1fe51
Seth,Alvarez,Seth_Alvarez@conrad.com,19800108,90929927,True,Alvarez_af321
Jose,Reyes,Jose_Reyes@garcia.com,19700929,94563263,True,Reyes_0a636
Joseph,Hill,Joseph_Hill@rodriguez-newton.com,20020923,89902687,True,Hill_0d4d9
Lauren,Swanson,Lauren_Swanson@pena-pierce.com,19610921,85204407,True,Swanson_b3ea5
Nicole,Schmidt,Nicole_Schmidt@stephens.com,19651109,86157423,True,Schmidt_54bf2
Katrina,Miller,Katrina_Miller@grimes.com,19540308,81240247,True,Miller_5c2c0
Raymond,Conner,Raymond_Conner@oneal-johnson.com,19970128,95736583,True,Conner_71970
Matthew,Jones,Matthew_Jones@arnold.com,20000615,98616991,True,Jones_fae51
Sarah,David,Sarah_David@collier.net,19981216,97218247,True,David_39e9f
John,Wright,John_Wright@harris.com,19831019,96650335,True,Wright_fefcf
Lisa,Moore,Lisa_Moore@ramos.com,19941119,99493567,True,Moore_a6529
Jessica,Lee,Jessica_Lee@brown-baxter.com,19670124,89410823,True,Lee_7f12f
Martin,Allen,Martin_Allen@steele.com,20020924,99969439,True,Allen_7a4f2
Derrick,Sanchez,Derrick_Sanchez@mitchell.com,19700424,97980535,True,Sanchez_9f266
Steve,Mitchell,Steve_Mitchell@adkins-russell.com,19751027,98789479,True,Mitchell_1bdd4
Michael,Mckee,Michael_Mckee@gordon.com,20000917,87409327,True,Mckee_92c0e
Jonathan,Castro,Jonathan_Castro@sandoval.com,19700409,95059239,True,Castro_49d90
John,Mendoza,John_Mendoza@mahoney.com,19850519,85845135,True,Mendoza_fa60d
Gerald,Stuart,Gerald_Stuart@strong.net,19950810,98421991,True,Stuart_42d02
April,Carpenter,April_Carpenter@page.com,19710929,97274415,True,Carpenter_4acee
Rachel,Garcia,Rachel_Garcia@neal.com,19961021,87786127,True,Garcia_d383b
Wayne,Baker,Wayne_Baker@brown.com,19671227,92067207,True,Baker_726e6
Thomas,Fisher,Thomas_Fisher@phillips.com,19850415,99090999,True,Fisher_cd40a
Jeffrey,Macias,Jeffrey_Macias@cox.com,19900310,98485783,True,Macias_76606
Brian,Drake,Brian_Drake@hurst-price.net,19621102,83466007,True,Drake_1697c
Brent,Castaneda,Brent_Castaneda@garcia.com,19580307,80875871,True,Castaneda_1e9a5
Mr. Charles,Gonzalez,Charles_Gonzalez@navarro.com,19710404,94465511,True,Gonzalez_bc4a4
Jonathan,Villa,Jonathan_Villa@suarez.com,19751203,80471287,True,Villa_19bdd
Scott,Williams,Scott_Williams@keller-wong.com,19800308,85799255,True,Williams_10ae3
Thomas,Perez,Thomas_Perez@greene-lopez.com,19630220,96377439,True,Perez_7a5c3
